sample	arm	tau	certified_pair	certified_total_edits	selected_pair	selected_total_edits	certified_excess	rank_of_certified	n_tied_top
NA19043	S1	NA	1,203	27755	321,412	61015	33260	19	1
NA19043	S3	0.5	1,203	27755	187,203	72132	44377	71	4
NA19043	S3	1.0	1,203	27755	203,412	33292	5537	68	1
NA19043	S3	2.0	1,203	27755	187,203	72132	44377	83	2
NA19043	S3	5.0	1,203	27755	203,270	94330	66575	17	1
NA19043	S3	10.0	1,203	27755	203,395	66571	38816	24	1
NA19043	S3	20.0	1,203	27755	203,395	66571	38816	44	1
NA19043	S2	inf	1,203	27755	1,187	33289	5534	2	1
NA18943	S1	NA	180,392	232	163,296	33395	33163	294	1
NA18943	S3	0.5	180,392	232	104,270	22402	22170	4701	2
NA18943	S3	1.0	180,392	232	104,270	22402	22170	5288	2
NA18943	S3	2.0	180,392	232	104,270	22402	22170	6731	2
NA18943	S3	5.0	180,392	232	104,270	22402	22170	10957	1
NA18943	S3	10.0	180,392	232	104,270	22402	22170	14651	1
NA18943	S3	20.0	180,392	232	148,270	27950	27718	18371	1
NA18943	S2	inf	180,392	232	296,375	27840	27608	6513	1
HG03470	S1	NA	107,244	382	202,243	11197	10815	256	1
HG03470	S3	0.5	107,244	382	202,243	11197	10815	2558	1
HG03470	S3	1.0	107,244	382	202,243	11197	10815	2546	1
HG03470	S3	2.0	107,244	382	202,243	11197	10815	2582	1
HG03470	S3	5.0	107,244	382	202,243	11197	10815	2514	1
HG03470	S3	10.0	107,244	382	202,243	11197	10815	2429	1
HG03470	S3	20.0	107,244	382	243,416	5816	5434	2224	1
HG03470	S2	inf	107,244	382	202,243	11197	10815	1127	1
NA18974	S1	NA	224,388	409	86,374	16840	16431	20337	1
NA18974	S3	0.5	224,388	409	234,349	17413	17004	49631	2
NA18974	S3	1.0	224,388	409	270,349	11970	11561	50302	1
NA18974	S3	2.0	224,388	409	270,349	11970	11561	50024	1
NA18974	S3	5.0	224,388	409	270,349	11970	11561	50936	1
NA18974	S3	10.0	224,388	409	234,349	17413	17004	54804	1
NA18974	S3	20.0	224,388	409	85,234	38932	38523	61164	1
NA18974	S2	inf	224,388	409	86,298	16831	16422	26107	1
NA20346	S1	NA	275,421	151	275,338	11114	10963	9	1
NA20346	S3	0.5	275,421	151	275,338	11114	10963	27	1
NA20346	S3	1.0	275,421	151	275,338	11114	10963	31	1
NA20346	S3	2.0	275,421	151	275,338	11114	10963	37	1
NA20346	S3	5.0	275,421	151	275,338	11114	10963	49	1
NA20346	S3	10.0	275,421	151	275,338	11114	10963	73	1
NA20346	S3	20.0	275,421	151	275,338	11114	10963	81	1
NA20346	S2	inf	275,421	151	275,338	11114	10963	28	1
NA20905	S1	NA	237,388	193	107,381	11236	11043	2178	1
NA20905	S3	0.5	237,388	193	115,183	38858	38665	13284	3
NA20905	S3	1.0	237,388	193	115,183	38858	38665	14056	3
NA20905	S3	2.0	237,388	193	115,183	38858	38665	14291	2
NA20905	S3	5.0	237,388	193	115,389	22332	22139	11193	1
NA20905	S3	10.0	237,388	193	73,389	22336	22143	9969	1
NA20905	S3	20.0	237,388	193	107,381	11236	11043	8578	1
NA20905	S2	inf	237,388	193	107,381	11236	11043	3594	1
NA20806	S1	NA	10,85	220	10,389	5810	5590	4	1
NA20806	S3	0.5	10,85	220	64,441	99870	99650	25	1
NA20806	S3	1.0	10,85	220	64,441	99870	99650	33	1
NA20806	S3	2.0	10,85	220	64,441	99870	99650	31	1
NA20806	S3	5.0	10,85	220	64,441	99870	99650	27	1
NA20806	S3	10.0	10,85	220	10,64	88868	88648	23	1
NA20806	S3	20.0	10,85	220	10,450	66681	66461	11	1
NA20806	S2	inf	10,85	220	10,389	5810	5590	2	1
NA18570	S1	NA	67,385	203	162,380	38835	38632	141	1
NA18570	S3	0.5	67,385	203	149,331	66672	66469	635	4
NA18570	S3	1.0	67,385	203	85,450	16798	16595	568	1
NA18570	S3	2.0	67,385	203	366,387	33437	33234	706	1
NA18570	S3	5.0	67,385	203	366,387	33437	33234	979	1
NA18570	S3	10.0	67,385	203	302,366	33406	33203	1430	2
NA18570	S3	20.0	67,385	203	85,116	11335	11132	2563	1
NA18570	S2	inf	67,385	203	162,380	38835	38632	597	1
NA21102	S1	NA	71,452	339	148,452	698	359	2	1
NA21102	S3	0.5	71,452	339	71,452	339	0	1	3
NA21102	S3	1.0	71,452	339	71,452	339	0	1	3
NA21102	S3	2.0	71,452	339	71,452	339	0	1	3
NA21102	S3	5.0	71,452	339	71,452	339	0	1	3
NA21102	S3	10.0	71,452	339	71,452	339	0	1	3
NA21102	S3	20.0	71,452	339	71,452	339	0	1	1
NA21102	S2	inf	71,452	339	148,452	698	359	2	1
NA18505	S1	NA	180,207	1194	339,358	22330	21136	4666	1
NA18505	S3	0.5	180,207	1194	285,339	50865	49671	902	1
NA18505	S3	1.0	180,207	1194	285,339	50865	49671	1001	1
NA18505	S3	2.0	180,207	1194	285,339	50865	49671	1289	1
NA18505	S3	5.0	180,207	1194	285,339	50865	49671	2565	1
NA18505	S3	10.0	180,207	1194	285,339	50865	49671	5193	1
NA18505	S3	20.0	180,207	1194	285,339	50865	49671	7673	1
NA18505	S2	inf	180,207	1194	285,339	50865	49671	6584	1
HG03784	S1	NA	108,373	181	271,432	16691	16510	81	1
HG03784	S3	0.5	108,373	181	82,271	27762	27581	1378	2
HG03784	S3	1.0	108,373	181	82,271	27762	27581	1437	2
HG03784	S3	2.0	108,373	181	82,271	27762	27581	1458	2
HG03784	S3	5.0	108,373	181	271,432	16691	16510	1423	1
HG03784	S3	10.0	108,373	181	271,432	16691	16510	972	1
HG03784	S3	20.0	108,373	181	271,432	16691	16510	574	1
HG03784	S2	inf	108,373	181	271,432	16691	16510	180	1
HG02040	S1	NA	51,350	64	51,350	64	0	1	1
HG02040	S3	0.5	51,350	64	51,350	64	0	1	1
HG02040	S3	1.0	51,350	64	51,350	64	0	1	1
HG02040	S3	2.0	51,350	64	51,350	64	0	1	1
HG02040	S3	5.0	51,350	64	51,351	64	0	2	1
HG02040	S3	10.0	51,350	64	51,382	5616	5552	3	1
HG02040	S3	20.0	51,350	64	51,382	5616	5552	3	1
HG02040	S2	inf	51,350	64	51,350	64	0	1	1
HG02155	S1	NA	301,361	361	206,378	16701	16340	924	1
HG02155	S3	0.5	301,361	361	7,182	83249	82888	5823	7
HG02155	S3	1.0	301,361	361	49,182	27777	27416	6444	1
HG02155	S3	2.0	301,361	361	49,182	27777	27416	7309	1
HG02155	S3	5.0	301,361	361	49,182	27777	27416	6296	1
HG02155	S3	10.0	301,361	361	182,378	16698	16337	6579	1
HG02155	S3	20.0	301,361	361	157,378	16690	16329	6639	1
HG02155	S2	inf	301,361	361	206,378	16701	16340	1891	1
NA21144	S1	NA	15,448	384	333,448	5561	5177	16	1
NA21144	S3	0.5	15,448	384	233,448	5561	5177	96	2
NA21144	S3	1.0	15,448	384	233,448	5561	5177	106	2
NA21144	S3	2.0	15,448	384	233,448	5561	5177	238	2
NA21144	S3	5.0	15,448	384	333,448	5561	5177	295	1
NA21144	S3	10.0	15,448	384	333,448	5561	5177	414	1
NA21144	S3	20.0	15,448	384	333,448	5561	5177	1078	1
NA21144	S2	inf	15,448	384	333,448	5561	5177	276	1
NA20809	S1	NA	120,369	142	112,120	157	15	44	1
NA20809	S3	0.5	120,369	142	120,350	153	11	120	4
NA20809	S3	1.0	120,369	142	120,350	153	11	110	4
NA20809	S3	2.0	120,369	142	120,350	153	11	132	4
NA20809	S3	5.0	120,369	142	120,350	153	11	273	1
NA20809	S3	10.0	120,369	142	120,350	153	11	306	1
NA20809	S3	20.0	120,369	142	120,350	153	11	353	1
NA20809	S2	inf	120,369	142	112,120	157	15	77	1
NA18960	S1	NA	83,337	188	337,379	5774	5586	1705	1
NA18960	S3	0.5	83,337	188	42,379	49932	49744	3409	1
NA18960	S3	1.0	83,337	188	42,379	49932	49744	3459	1
NA18960	S3	2.0	83,337	188	42,379	49932	49744	3554	1
NA18960	S3	5.0	83,337	188	42,379	49932	49744	3901	1
NA18960	S3	10.0	83,337	188	42,379	49932	49744	4011	1
NA18960	S3	20.0	83,337	188	42,379	49932	49744	4226	1
NA18960	S2	inf	83,337	188	42,177	44459	44271	3141	1
NA19700	S1	NA	10,213	540	262,424	34216	33676	5828	1
NA19700	S3	0.5	10,213	540	213,262	49923	49383	8716	2
NA19700	S3	1.0	10,213	540	213,262	49923	49383	8945	2
NA19700	S3	2.0	10,213	540	213,262	49923	49383	8244	2
NA19700	S3	5.0	10,213	540	213,262	49923	49383	5250	2
NA19700	S3	10.0	10,213	540	213,262	49923	49383	4724	2
NA19700	S3	20.0	10,213	540	213,262	49923	49383	5271	2
NA19700	S2	inf	10,213	540	213,262	49923	49383	5958	1
NA18983	S1	NA	76,85	268	85,373	335	67	493	1
NA18983	S3	0.5	76,85	268	64,85	94373	94105	26	11
NA18983	S3	1.0	76,85	268	64,373	88985	88717	46	3
NA18983	S3	2.0	76,85	268	64,373	88985	88717	63	1
NA18983	S3	5.0	76,85	268	368,373	77897	77629	161	1
NA18983	S3	10.0	76,85	268	368,373	77897	77629	536	1
NA18983	S3	20.0	76,85	268	368,373	77897	77629	525	1
NA18983	S2	inf	76,85	268	85,373	335	67	253	1
HG03742	S1	NA	127,302	288	102,302	5669	5381	2	1
HG03742	S3	0.5	127,302	288	302,318	5737	5449	5	1
HG03742	S3	1.0	127,302	288	302,318	5737	5449	6	1
HG03742	S3	2.0	127,302	288	302,318	5737	5449	7	1
HG03742	S3	5.0	127,302	288	144,302	11162	10874	5	2
HG03742	S3	10.0	127,302	288	144,302	11162	10874	4	1
HG03742	S3	20.0	127,302	288	144,302	11162	10874	4	1
HG03742	S2	inf	127,302	288	102,302	5669	5381	5	1
HG03209	S1	NA	210,246	120	210,246	120	0	1	1
HG03209	S3	0.5	210,246	120	203,210	11134	11014	6	1
HG03209	S3	1.0	210,246	120	203,210	11134	11014	6	1
HG03209	S3	2.0	210,246	120	203,210	11134	11014	6	1
HG03209	S3	5.0	210,246	120	203,210	11134	11014	5	1
HG03209	S3	10.0	210,246	120	203,210	11134	11014	5	1
HG03209	S3	20.0	210,246	120	203,210	11134	11014	5	1
HG03209	S2	inf	210,246	120	210,246	120	0	1	1
NA21110	S1	NA	169,451	108	152,451	5680	5572	37	1
NA21110	S3	0.5	169,451	108	369,451	27770	27662	39	1
NA21110	S3	1.0	169,451	108	369,451	27770	27662	40	1
NA21110	S3	2.0	169,451	108	369,451	27770	27662	39	1
NA21110	S3	5.0	169,451	108	97,451	11155	11047	42	2
NA21110	S3	10.0	169,451	108	430,451	44423	44315	53	1
NA21110	S3	20.0	169,451	108	430,451	44423	44315	39	1
NA21110	S2	inf	169,451	108	149,451	154	46	40	1
HG03270	S1	NA	25,291	300	202,285	16744	16444	735	1
HG03270	S3	0.5	25,291	300	202,202	22348	22048	751	1
HG03270	S3	1.0	25,291	300	202,202	22348	22048	837	1
HG03270	S3	2.0	25,291	300	202,202	22348	22048	896	1
HG03270	S3	5.0	25,291	300	202,202	22348	22048	883	1
HG03270	S3	10.0	25,291	300	202,356	11233	10933	1080	1
HG03270	S3	20.0	25,291	300	202,274	44474	44174	1185	1
HG03270	S2	inf	25,291	300	202,356	11233	10933	789	1
NA18522	S1	NA	2,175	570	7,191	11440	10870	143	1
NA18522	S3	0.5	2,175	570	175,412	16811	16241	806	3
NA18522	S3	1.0	2,175	570	175,412	16811	16241	741	3
NA18522	S3	2.0	2,175	570	175,412	16811	16241	790	3
NA18522	S3	5.0	2,175	570	175,412	16811	16241	783	3
NA18522	S3	10.0	2,175	570	7,175	5954	5384	818	3
NA18522	S3	20.0	2,175	570	87,175	5958	5388	878	3
NA18522	S2	inf	2,175	570	87,284	11456	10886	233	1
NA19391	S1	NA	216,292	347	213,405	22258	21911	2158	1
NA19391	S3	0.5	216,292	347	213,405	22258	21911	15850	2
NA19391	S3	1.0	216,292	347	213,405	22258	21911	16452	2
NA19391	S3	2.0	216,292	347	213,405	22258	21911	16675	2
NA19391	S3	5.0	216,292	347	213,405	22258	21911	16237	2
NA19391	S3	10.0	216,292	347	213,405	22258	21911	14804	2
NA19391	S3	20.0	216,292	347	213,405	22258	21911	14336	2
NA19391	S2	inf	216,292	347	213,405	22258	21911	5038	1
NA18982	S1	NA	303,349	205	134,181	16699	16494	162	1
NA18982	S3	0.5	303,349	205	134,450	16690	16485	4563	1
NA18982	S3	1.0	303,349	205	134,450	16690	16485	4914	1
NA18982	S3	2.0	303,349	205	134,450	16690	16485	5451	1
NA18982	S3	5.0	303,349	205	134,450	16690	16485	5503	1
NA18982	S3	10.0	303,349	205	134,337	38846	38641	4911	1
NA18982	S3	20.0	303,349	205	134,337	38846	38641	5012	1
NA18982	S2	inf	303,349	205	134,326	22242	22037	2819	1
NA19185	S1	NA	390,406	497	281,282	11145	10648	8324	1
NA19185	S3	0.5	390,406	497	100,254	38801	38304	16070	4
NA19185	S3	1.0	390,406	497	100,254	38801	38304	15362	4
NA19185	S3	2.0	390,406	497	100,254	38801	38304	13794	4
NA19185	S3	5.0	390,406	497	100,254	38801	38304	14034	3
NA19185	S3	10.0	390,406	497	254,277	27717	27220	13399	2
NA19185	S3	20.0	390,406	497	254,390	27711	27214	12350	1
NA19185	S2	inf	390,406	497	100,254	38801	38304	7521	1
NA20805	S1	NA	6,394	108	6,362	135	27	5	1
NA20805	S3	0.5	6,394	108	82,270	22220	22112	29	1
NA20805	S3	1.0	6,394	108	82,270	22220	22112	36	1
NA20805	S3	2.0	6,394	108	82,270	22220	22112	42	1
NA20805	S3	5.0	6,394	108	82,270	22220	22112	35	1
NA20805	S3	10.0	6,394	108	82,270	22220	22112	45	1
NA20805	S3	20.0	6,394	108	82,270	22220	22112	40	1
NA20805	S2	inf	6,394	108	6,362	135	27	15	1
NA18959	S1	NA	63,76	271	42,387	11359	11088	161	1
NA18959	S3	0.5	63,76	271	42,387	11359	11088	518	2
NA18959	S3	1.0	63,76	271	42,387	11359	11088	627	2
NA18959	S3	2.0	63,76	271	42,387	11359	11088	708	2
NA18959	S3	5.0	63,76	271	42,387	11359	11088	718	1
NA18959	S3	10.0	63,76	271	42,387	11359	11088	550	1
NA18959	S3	20.0	63,76	271	42,387	11359	11088	452	1
NA18959	S2	inf	63,76	271	42,387	11359	11088	282	1
NA18970	S1	NA	0,196	89	158,196	462	373	63	1
NA18970	S3	0.5	0,196	89	17,65	5585	5496	584	18
NA18970	S3	1.0	0,196	89	17,158	463	374	628	6
NA18970	S3	2.0	0,196	89	17,158	463	374	692	6
NA18970	S3	5.0	0,196	89	17,65	5585	5496	412	6
NA18970	S3	10.0	0,196	89	65,196	5584	5495	266	1
NA18970	S3	20.0	0,196	89	65,196	5584	5495	218	1
NA18970	S2	inf	0,196	89	65,196	5584	5495	122	1
NA18976	S1	NA	194,440	344	194,353	5686	5342	90	1
NA18976	S3	0.5	194,440	344	63,153	27822	27478	604	3
NA18976	S3	1.0	194,440	344	63,153	27822	27478	721	3
NA18976	S3	2.0	194,440	344	63,153	27822	27478	1108	1
NA18976	S3	5.0	194,440	344	63,153	27822	27478	816	1
NA18976	S3	10.0	194,440	344	63,353	27791	27447	936	1
NA18976	S3	20.0	194,440	344	63,353	27791	27447	927	1
NA18976	S2	inf	194,440	344	63,119	38890	38546	278	1
